{
  "segments": [
    {
      "label": "overhead_work",
      "start_frame": 16,
      "end_frame": 95,
      "start_time": 0.5333333333333333,
      "end_time": 3.1666666666666665,
      "duration": 2.6333333333333333,
      "side": "both"
    },
    {
      "label": "overhead_work",
      "start_frame": 186,
      "end_frame": 237,
      "start_time": 6.2,
      "end_time": 7.9,
      "duration": 1.7000000000000002,
      "side": "both"
    },
    {
      "label": "overhead_work",
      "start_frame": 271,
      "end_frame": 327,
      "start_time": 9.033333333333333,
      "end_time": 10.9,
      "duration": 1.8666666666666671,
      "side": "both"
    }
  ]
}