{
  "segments": [
    {
      "label": "overhead_work",
      "start_frame": 15,
      "end_frame": 95,
      "start_time": 0.5,
      "end_time": 3.1666666666666665,
      "duration": 2.6666666666666665,
      "side": "both"
    },
    {
      "label": "overhead_work",
      "start_frame": 187,
      "end_frame": 237,
      "start_time": 6.233333333333333,
      "end_time": 7.9,
      "duration": 1.666666666666667,
      "side": "both"
    },
    {
      "label": "overhead_work",
      "start_frame": 271,
      "end_frame": 327,
      "start_time": 9.033333333333333,
      "end_time": 10.9,
      "duration": 1.8666666666666671,
      "side": "both"
    }
  ]
}